{"cameraMode":{"drawMode":0,"name":"Shaded","section":"Shading Mode"},"sceneLighting":true,"audioPlay":false,"sceneViewState":{"m_AlwaysRefresh":false,"showFog":true,"showSkybox":true,"showFlares":true,"showImageEffects":true,"showParticleSystems":true,"showVisualEffectGraphs":true,"m_FxEnabled":true},"in2DMode":false,"pivot":{"x":-21.138715744018556,"y":11.826663970947266,"z":-16.29194450378418},"rotation":{"x":-0.03311535716056824,"y":-0.8814453482627869,"z":-0.06249193847179413,"w":0.4669796824455261},"size":23.759109497070314,"orthographic":false}